Sample,Species,SRA,Latitude,Longitude,Average.Depth,Sampling.Locale,K3,K14
ALB39,D. melanogaster,SRX891940,33.27,-86.47,9.1,OOA,OOA,OOA_1-anc10
ALS17,D. melanogaster,SRX891929,33.289,-86.489,1.3,OOA,OOA,OOA_1-anc10
Ark,D. melanogaster,SRR21846154,35.201,-91.8318,12,OOA,OOA,OOA_1-anc10
B04,D. melanogaster,SRR1662283,39.9042,116.4074,12.2,OOA,OOA,Beijing-anc14
B05,D. melanogaster,SRX765991,39.9042,116.4074,11.9,OOA,OOA,Beijing-anc14
B10,D. melanogaster,SRR1663529,39.9042,116.4074,11.9,OOA,OOA,Beijing-anc14
B11,D. melanogaster,SRX765993,39.9042,116.4074,11.4,OOA,OOA,Beijing-anc14
B12,D. melanogaster,SRR1663531,39.9042,116.4074,12.6,OOA,OOA,Beijing-anc14
B14,D. melanogaster,SRX766070,39.9042,116.4074,11.5,OOA,OOA,Beijing-anc14
B23,D. melanogaster,SRX766071,39.9042,116.4074,10.5,OOA,OOA,Beijing-anc14
B28,D. melanogaster,SRX766074,39.9042,116.4074,11.4,OOA,OOA,Beijing-anc14
B38,D. melanogaster,SRX766072,39.9042,116.4074,11.7,OOA,OOA,Beijing-anc14
B42,D. melanogaster,SRX766073,39.9042,116.4074,11.3,OOA,OOA,Beijing-anc14
B43,D. melanogaster,SRX766075,39.9042,116.4074,11.1,OOA,OOA,Beijing-anc14
B51,D. melanogaster,SRX766076,39.9042,116.4074,10.8,OOA,OOA,Beijing-anc14
B52,D. melanogaster,SRX766077,39.9042,116.4074,11.7,OOA,OOA,Beijing-anc14
B54,D. melanogaster,SRR1663540,39.9042,116.4074,12.2,OOA,OOA,Beijing-anc14
B59,D. melanogaster,SRX766079,39.9042,116.4074,10.5,OOA,OOA,Beijing-anc14
BEI10,D. melanogaster,SRX891967,25.45,-77.51,9.9,OOA,OOA,OOA_1-anc10
BEI23,D. melanogaster,SRX891968,25.45,-77.51,18,OOA,OOA,OOA_1-anc10
BHW11,D. melanogaster,SRX891954,26.3,-77.51,11.7,OOA,OOA,OOA_1-anc10
BHW16,D. melanogaster,SRX891959,26.3,-77.51,9.1,OOA,OOA,OOA_1-anc10
CK1,D. melanogaster,SRR189038,0.51,25.19,33.6,West,AFR2,East-anc4
CK2,D. melanogaster,SRR189040,0.51,25.19,34.6,West,OOA,OOA_minor_1-anc11
CO10N,D. melanogaster,SRR189044,6.25,10.43,24.9,West,AFR2,West-anc3
CO13N,D. melanogaster,SRR189045,6.25,10.43,32.7,West,AFR2,West-anc3
CO14,D. melanogaster,SRR189046,6.25,10.43,24.6,West,AFR2,West-anc3
CO15N,D. melanogaster,SRR189047,6.25,10.43,36.2,West,AFR2,West-anc3
CO16,D. melanogaster,SRR189048,6.25,10.43,25.3,West,AFR2,West-anc3
CO1,D. melanogaster,SRR189041,6.25,10.43,30.2,West,AFR2,West-anc3
CO2,D. melanogaster,SRX058155,6.25,10.43,33.3,West,AFR2,West-anc3
CO8N,D. melanogaster,SRX058158,6.25,10.43,30.6,West,AFR2,West-anc3
CO9N,D. melanogaster,SRX058159,6.25,10.43,32.1,West,AFR2,West-anc3
RAL801,D. melanogaster,SRR835341,35.7596,-79.0193,40.4,OOA,OOA,OOA_1-anc10
DRM11,D. melanogaster,SRR21846153,-15.749997,29.333332,56.9,South,AFR1,South_1-anc13
DRM12,D. melanogaster,SRR21845980,-15.749997,29.333332,49.5,South,AFR1,South_1-anc13
DRM13,D. melanogaster,SRR21845937,-15.749997,29.333332,78.8,South,AFR1,South_1-anc13
DRM14,D. melanogaster,SRR21845926,-15.749997,29.333332,55.4,South,AFR1,South_1-anc13
DRM15,D. melanogaster,SRR21845971,-15.749997,29.333332,53.2,South,AFR1,South_1-anc13
DRM17,D. melanogaster,SRR21845960,-15.749997,29.333332,54.1,South,AFR1,South_1-anc13
DRM19,D. melanogaster,SRR21846038,-15.749997,29.333332,44.7,South,AFR1,South_1-anc13
DRM19lzvBMI,D. melanogaster,SRR21846027,-15.749997,29.333332,88.6,South,AFR1,South_1-anc13
DRM1,D. melanogaster,SRR21846016,-15.749997,29.333332,65.7,South,AFR1,South_1-anc13
DRM20,D. melanogaster,SRR21846152,-15.749997,29.333332,65.9,South,AFR1,South_1-anc13
DRM21,D. melanogaster,SRR21846141,-15.749997,29.333332,39.1,South,AFR1,South_1-anc13
DRM21lzvLM3,D. melanogaster,SRR21846130,-15.749997,29.333332,74.9,South,AFR1,South_1-anc13
DRM23,D. melanogaster,SRR21846062,-15.749997,29.333332,42.5,South,AFR1,South_1-anc13
DRM25,D. melanogaster,SRR21846051,-15.749997,29.333332,40.2,South,AFR1,South_1-anc13
DRM26,D. melanogaster,SRR21846040,-15.749997,29.333332,52.4,South,AFR1,South_1-anc13
DRM27,D. melanogaster,SRR21846114,-15.749997,29.333332,52.3,South,AFR1,South_1-anc13
DRM29,D. melanogaster,SRR21846103,-15.749997,29.333332,52.1,South,AFR1,South_1-anc13
DRM33,D. melanogaster,SRR21846002,-15.749997,29.333332,54.8,South,AFR1,South_1-anc13
DRM36,D. melanogaster,SRR21845991,-15.749997,29.333332,48.3,South,AFR1,South_1-anc13
DRM37,D. melanogaster,SRR21845979,-15.749997,29.333332,38.3,South,AFR1,South_1-anc13
DRM38,D. melanogaster,SRR21846086,-15.749997,29.333332,37.5,South,AFR1,South_1-anc13
DRM39,D. melanogaster,SRR21846075,-15.749997,29.333332,42.3,South,AFR1,South_1-anc13
DRM42,D. melanogaster,SRR21845947,-15.749997,29.333332,36,South,AFR1,South_1-anc13
DRM43,D. melanogaster,SRR21845943,-15.749997,29.333332,56,South,AFR1,South_1-anc13
DRM44,D. melanogaster,SRR21845942,-15.749997,29.333332,38.3,South,AFR1,South_1-anc13
DRM46,D. melanogaster,SRR21845941,-15.749997,29.333332,51.4,South,AFR1,South_1-anc13
DRM4,D. melanogaster,SRR21845940,-15.749997,29.333332,55.8,South,AFR1,South_1-anc13
DRM50,D. melanogaster,SRR21845939,-15.749997,29.333332,42,South,AFR1,South_1-anc13
DRM51,D. melanogaster,SRR21845938,-15.749997,29.333332,51.9,South,AFR1,South_1-anc13
DRM57,D. melanogaster,SRR21845936,-15.749997,29.333332,39.7,South,AFR1,South_1-anc13
DRM58,D. melanogaster,SRR21845935,-15.749997,29.333332,39.5,South,AFR1,South_1-anc13
DRM59,D. melanogaster,SRR21845934,-15.749997,29.333332,40.4,South,AFR1,South_1-anc13
DRM60,D. melanogaster,SRR21845933,-15.749997,29.333332,44.6,South,AFR1,South_1-anc13
DRM61,D. melanogaster,SRR21845932,-16.2504739,28.49884819,44.5,South,AFR1,South_1-anc13
DRM63,D. melanogaster,SRR21845931,-16.2504739,28.49884819,43.8,South,AFR1,South_1-anc13
DRM67,D. melanogaster,SRR21845930,-15.749997,29.333332,45.5,South,AFR1,South_1-anc13
DRM67_LZV-BM,D. melanogaster,SRR21845929,-15.749997,29.333332,145.9,South,AFR1,South_1-anc13
DRM68,D. melanogaster,SRR21845928,-15.749997,29.333332,52.3,South,AFR1,South_1-anc13
DRM68lzvBM2,D. melanogaster,SRR21845927,-15.749997,29.333332,75.3,South,AFR1,South_1-anc13
DRM69,D. melanogaster,SRR21845925,-15.749997,29.333332,46.7,South,AFR1,South_1-anc13
DRM6,D. melanogaster,SRR21845924,-15.749997,29.333332,48.4,South,AFR1,South_1-anc13
DRM70,D. melanogaster,SRR21845923,-15.749997,29.333332,42.4,South,AFR1,South_1-anc13
DRM71,D. melanogaster,SRR21845922,-16.2504739,28.49884819,45.9,South,AFR1,South_1-anc13
DRM71_LIVE,D. melanogaster,SRR21845978,-16.2504739,28.49884819,66.9,South,AFR1,South_1-anc13
DRM73,D. melanogaster,SRR21845975,-15.749997,29.333332,45.9,South,AFR1,South_1-anc13
DRM74,D. melanogaster,SRR21845974,-16.2504739,28.49884819,52.5,South,AFR1,South_1-anc13
DRM75,D. melanogaster,SRR21845973,-16.2504739,28.49884819,58.1,South,AFR1,South_1-anc13
DRM76,D. melanogaster,SRR21845972,-15.749997,29.333332,46.8,South,AFR1,South_1-anc13
DRM78,D. melanogaster,SRR21845970,-15.749997,29.333332,58.7,South,AFR1,South_1-anc13
DRM78_LZV-BM,D. melanogaster,SRR21845969,-15.749997,29.333332,71.5,South,AFR1,South_1-anc13
DRM7,D. melanogaster,SRR21845968,-15.749997,29.333332,55.9,South,AFR1,South_1-anc13
DRM81,D. melanogaster,SRR21845967,-16.2504739,28.49884819,52.8,South,AFR1,South_1-anc13
DRM82,D. melanogaster,SRR21845966,-15.749997,29.333332,45.5,South,AFR1,South_1-anc13
DRM83,D. melanogaster,SRR21845965,-16.2504739,28.49884819,52,South,AFR1,South_1-anc13
DRM84,D. melanogaster,SRR21845964,-16.2504739,28.49884819,50.9,South,AFR1,South_1-anc13
DRM85,D. melanogaster,SRR21845963,-15.749997,29.333332,42.1,South,AFR1,South_1-anc13
DRM8,D. melanogaster,SRR21845962,-15.749997,29.333332,54.2,South,AFR1,South_1-anc13
DRM90,D. melanogaster,SRR21845961,-16.2504739,28.49884819,40.4,South,AFR1,South_1-anc13
DRM92,D. melanogaster,SRR21845959,-15.749997,29.333332,53.6,South,AFR1,South_1-anc13
DRM93,D. melanogaster,SRR21845958,-15.749997,29.333332,52.9,South,AFR1,South_1-anc13
DRM94,D. melanogaster,SRR21845957,-16.2504739,28.49884819,44.5,South,AFR1,South_1-anc13
DRM95,D. melanogaster,SRR21845956,-16.2504739,28.49884819,127.5,South,AFR1,South_1-anc13
DRM96,D. melanogaster,SRR21845955,-16.2504739,28.49884819,55.2,South,AFR1,South_1-anc13
DRM98,D. melanogaster,SRR21845954,-15.749997,29.333332,47.2,South,AFR1,South_1-anc13
DRM99,D. melanogaster,SRR21845953,-15.749997,29.333332,41.1,South,AFR1,South_1-anc13
DRM9,D. melanogaster,SRR21845952,-15.749997,29.333332,49.1,South,AFR1,South_1-anc13
EA117N,D. melanogaster,SRR3734063,8.25,34.59,12.8,ET,AFR2,OOA_minor_1-anc11
EA119,D. melanogaster,SRR1686794,8.25,34.59,22,ET,AFR2,Ethiopia-anc7
EA124N,D. melanogaster,SRR3734064,8.25,34.59,27.9,ET,AFR2,OOA_minor_1-anc11
EA126N,D. melanogaster,SRR3734286,8.25,34.59,15.6,ET,AFR2,Ethiopia-anc7
EA22N,D. melanogaster,SRR3734322,8.25,34.59,18.1,ET,AFR2,OOA_minor_1-anc11
EA2N,D. melanogaster,SRR3734334,8.25,34.59,31.5,ET,AFR2,Ethiopia-anc7
EA30N,D. melanogaster,SRR3734345,8.25,34.59,29.8,ET,AFR2,Ethiopia-anc7
EA3,D. melanogaster,SRR1686796,8.25,34.59,13.6,ET,OOA,OOA_minor_1-anc11
EA49,D. melanogaster,SRR1686797,8.25,34.59,17.2,ET,AFR2,Ethiopia-anc7
EA58N,D. melanogaster,SRR3734073,8.25,34.59,18.7,ET,OOA,OOA_minor_2-anc12
EA59N,D. melanogaster,SRR3734074,8.25,34.59,11.1,ET,OOA,OOA_minor_2-anc12
EA70N,D. melanogaster,SRR3734075,8.25,34.59,17.6,ET,AFR2,OOA_minor_1-anc11
EA84N,D. melanogaster,SRR3734076,8.25,34.59,13.4,ET,OOA,OOA_minor_2-anc12
EA93N,D. melanogaster,SRR3734081,8.25,34.59,21.8,ET,OOA,OOA_minor_3-anc6
EB132,D. melanogaster,SRR1686969,7.26,36.25,14.8,ET,AFR2,Ethiopia-anc7
EB148,D. melanogaster,SRR1686971,7.26,36.25,26,ET,AFR2,Ethiopia-anc7
EB18,D. melanogaster,SRR1687447,7.26,36.25,21.2,ET,AFR2,Ethiopia-anc7
EB237,D. melanogaster,SRR1687453,7.26,36.25,15.8,ET,AFR2,Ethiopia-anc7
EB25,D. melanogaster,SRR1687462,7.26,36.25,17.1,ET,AFR2,Ethiopia-anc7
ED10N,D. melanogaster,SRX058161,6.98,39.18,32.5,ET,AFR2,Ethiopia-anc7
ED2,D. melanogaster,SRX058163,6.98,39.18,27.1,ET,AFR2,Ethiopia-anc7
ED3,D. melanogaster,SRX058164,6.98,39.18,26.4,ET,AFR2,Ethiopia-anc7
ED6N,D. melanogaster,SRX058174,6.98,39.18,31,ET,AFR2,Ethiopia-anc7
EF101N,D. melanogaster,SRR3734175,9.81,38.63,18.6,ET,AFR2,Ethiopia-anc7
EF102N,D. melanogaster,SRR3734186,9.81,38.63,12,ET,AFR2,Ethiopia-anc7
EF103N,D. melanogaster,SRR3734197,9.81,38.63,17.3,ET,AFR2,Ethiopia-anc7
EF108N,D. melanogaster,SRR3734208,9.81,38.63,29.5,ET,AFR2,Ethiopia-anc7
EF10N,D. melanogaster,SRR3734219,9.81,38.63,33,ET,AFR2,Ethiopia-anc7
EF110N,D. melanogaster,SRR3734230,9.81,38.63,23.1,ET,AFR2,Ethiopia-anc7
EF112N,D. melanogaster,SRR3734241,9.81,38.63,24.8,ET,AFR2,Ethiopia-anc7
EF114N,D. melanogaster,SRR3734252,9.81,38.63,13.1,ET,AFR2,Ethiopia-anc7
EF115N,D. melanogaster,SRR3734090,9.81,38.63,21.6,ET,OOA,OOA_2-anc5
EF116N,D. melanogaster,SRR3734091,9.81,38.63,12.7,ET,OOA,OOA_2-anc5
EF117N,D. melanogaster,SRR3734092,9.81,38.63,13.5,ET,OOA,OOA_2-anc5
EF119N,D. melanogaster,SRR3734093,9.81,38.63,17.7,ET,OOA,OOA_2-anc5
EF11N,D. melanogaster,SRR3734094,9.81,38.63,11.9,ET,OOA,OOA_2-anc5
EF120,D. melanogaster,SRR1687511,9.81,38.63,13.8,ET,AFR2,Ethiopia-anc7
EF122N,D. melanogaster,SRR3734096,9.81,38.63,14.4,ET,OOA,OOA_2-anc5
EF126N,D. melanogaster,SRR3734097,9.81,38.63,41.1,ET,AFR2,Ethiopia-anc7
EF12N,D. melanogaster,SRR3734098,9.81,38.63,20.4,ET,OOA,OOA_2-anc5
EF24N,D. melanogaster,SRR3734109,9.81,38.63,14.4,ET,OOA,OOA_2-anc5
EF25N,D. melanogaster,SRR3734110,9.81,38.63,11.8,ET,OOA,OOA_2-anc5
EF26N,D. melanogaster,SRR3734111,9.81,38.63,13.5,ET,OOA,OOA_2-anc5
EF27N,D. melanogaster,SRR3734112,9.81,38.63,19.7,ET,OOA,OOA_2-anc5
EF2,D. melanogaster,SRR1687620,9.81,38.63,13.4,ET,AFR2,Ethiopia-anc7
EF31N,D. melanogaster,SRR3734113,9.81,38.63,14.5,ET,OOA,OOA_2-anc5
EF39,D. melanogaster,SRR1687668,9.81,38.63,23.4,ET,AFR2,Ethiopia-anc7
EF65,D. melanogaster,SRR1687770,9.81,38.63,14.5,ET,AFR2,Ethiopia-anc7
EF78,D. melanogaster,SRR1687793,9.81,38.63,22.1,ET,AFR2,Ethiopia-anc7
EF8N,D. melanogaster,SRR3734140,9.81,38.63,14.3,ET,OOA,OOA_2-anc5
EF95N,D. melanogaster,SRR3734142,9.81,38.63,12.9,ET,OOA,OOA_2-anc5
EG12N,D. melanogaster,SRR3734361,30.1,31.32,20.4,OOA,OOA,OOA_minor_2-anc12
EG15N,D. melanogaster,SRR3734148,30.1,31.32,15.7,OOA,OOA,OOA_2-anc5
EG16N,D. melanogaster,SRR3734149,30.1,31.32,10.3,OOA,OOA,OOA_2-anc5
EG26N,D. melanogaster,SRR3734366,30.1,31.32,20.7,OOA,OOA,OOA_minor_2-anc12
EG31N,D. melanogaster,SRR3734370,30.1,31.32,11.5,OOA,OOA,OOA_minor_2-anc12
EG33N,D. melanogaster,SRR3734155,30.1,31.32,15.3,OOA,OOA,OOA_2-anc5
EG34N,D. melanogaster,SRR3734156,30.1,31.32,10,OOA,OOA,OOA_2-anc5
EG35N,D. melanogaster,SRR3734157,30.1,31.32,15.1,OOA,OOA,OOA_2-anc5
EG36N,D. melanogaster,SRR3734158,30.1,31.32,8.9,OOA,OOA,OOA_2-anc5
EG44N,D. melanogaster,SRR3734161,30.1,31.32,12.8,OOA,OOA,OOA_2-anc5
EG46N,D. melanogaster,SRR3734162,30.1,31.32,11.2,OOA,OOA,OOA_2-anc5
EG48N,D. melanogaster,SRR3734163,30.1,31.32,9.7,OOA,AFR2,Ethiopia-anc7
EG49N,D. melanogaster,SRR3734164,30.1,31.32,11.2,OOA,OOA,OOA_2-anc5
EG50N,D. melanogaster,SRR3734165,30.1,31.32,17.3,OOA,OOA,OOA_2-anc5
EG53N,D. melanogaster,SRR3734166,30.1,31.32,11.9,OOA,OOA,OOA_2-anc5
EG76N,D. melanogaster,SRR3734081,30.1,31.32,21.8,OOA,OOA,OOA_minor_3-anc6
EM239,D. melanogaster,SRR1693789,7.74,35.48,18.7,ET,AFR2,Ethiopia-anc7
EM40,D. melanogaster,SRR1695496,7.74,35.48,19.3,ET,AFR2,Ethiopia-anc7
ER11,D. melanogaster,SRR1696798,9.68,39.53,18.8,ET,AFR2,Ethiopia-anc7
ER156,D. melanogaster,SRR1696800,9.68,39.53,25.5,ET,AFR2,Ethiopia-anc7
ER32,D. melanogaster,SRR1696806,9.68,39.53,25.6,ET,AFR2,Ethiopia-anc7
ER63,D. melanogaster,SRR1696807,9.68,39.53,24.8,ET,AFR2,Ethiopia-anc7
ER85,D. melanogaster,SRR1696808,9.68,39.53,18.4,ET,AFR2,Ethiopia-anc7
EZ25,D. melanogaster,SRR189082,7.93,38.72,26.5,ET,AFR2,Ethiopia-anc7
EZ2,D. melanogaster,SRR189078,7.93,38.72,26.9,ET,AFR2,Ethiopia-anc7
EZ5N,D. melanogaster,SRX058178,7.93,38.72,30.9,ET,AFR2,Ethiopia-anc7
FLS8,D. melanogaster,SRX891952,27.48,-82.28,11.8,OOA,OOA,OOA_1-anc10
FLT4,D. melanogaster,"SRX891969,SRX891970,SRX891971,SRX891972,SRX891973",27.48,-82.28,2.8,OOA,OOA,OOA_1-anc10
FR106N,D. melanogaster,SRR3734178,45.769,4.86,15,OOA,OOA,OOA_2-anc5
FR109N,D. melanogaster,SRR3734179,45.769,4.86,14.1,OOA,OOA,OOA_2-anc5
FR110N,D. melanogaster,SRR3734180,45.769,4.86,12.5,OOA,OOA,OOA_2-anc5
FR112N,D. melanogaster,SRR3734181,45.769,4.86,12.7,OOA,AFR1,South_minor_1-anc8
FR113N,D. melanogaster,SRR3734182,45.769,4.86,15.2,OOA,AFR1,South_minor_1-anc8
FR115N,D. melanogaster,SRR3734183,45.769,4.86,17.4,OOA,AFR1,South_minor_1-anc8
FR14,D. melanogaster,SRR189088,45.769,4.86,29.7,OOA,OOA,OOA_2-anc5
FR151,D. melanogaster,SRR189089,45.769,4.86,30,OOA,OOA,OOA_2-anc5
FR152N,D. melanogaster,SRR3734190,45.769,4.86,14,OOA,AFR1,South_minor_1-anc8
FR180,D. melanogaster,SRR189090,45.769,4.86,33.6,OOA,OOA,OOA_2-anc5
FR207,D. melanogaster,SRR189091,45.769,4.86,31.5,OOA,OOA,OOA_2-anc5
FR229,D. melanogaster,SRX058187,45.769,4.86,32.9,OOA,OOA,OOA_2-anc5
FR284N,D. melanogaster,SRR3734230,45.769,4.86,23.1,OOA,AFR2,Ethiopia-anc7
FR310,D. melanogaster,SRX058188,45.769,4.86,29.5,OOA,OOA,OOA_2-anc5
FR345N,D. melanogaster,SRR3734249,45.769,4.86,11.9,OOA,AFR1,South_2-anc2
FR70,D. melanogaster,SRR189096,45.769,4.86,30.7,OOA,OOA,OOA_2-anc5
GA01,D. melanogaster,ERR705967,33.96,-83.37,41,OOA,OOA,OOA_1-anc10
GA02,D. melanogaster,ERR705968,33.96,-83.37,40.6,OOA,OOA,OOA_1-anc10
GA03,D. melanogaster,ERR705969,33.96,-83.37,41,OOA,OOA,OOA_1-anc10
GA04,D. melanogaster,ERR705970,33.96,-83.37,40.5,OOA,OOA,OOA_1-anc10
GA05,D. melanogaster,ERR705971,33.96,-83.37,41.3,OOA,OOA,OOA_1-anc10
GA06,D. melanogaster,ERR705972,33.96,-83.37,42.1,OOA,OOA,OOA_1-anc10
GA07,D. melanogaster,ERR705973,33.96,-83.37,41.8,OOA,OOA,OOA_1-anc10
GA09,D. melanogaster,ERR705976,33.96,-83.37,39.6,OOA,OOA,OOA_1-anc10
GA10,D. melanogaster,ERR705977,33.96,-83.37,39.6,OOA,OOA,OOA_1-anc10
GA11,D. melanogaster,ERR705978,33.96,-83.37,39.5,OOA,OOA,OOA_1-anc10
GAB125,D. melanogaster,SRR189100,-1.65,13.6,36,West,AFR2,West-anc3
GAB129,D. melanogaster,SRR189101,-1.65,13.6,39.5,West,AFR2,West-anc3
GAB132,D. melanogaster,SRR189104,-1.65,13.6,37.7,West,AFR2,West-anc3
GAB141,D. melanogaster,SRR189105,-1.65,13.6,38.2,West,AFR2,West-anc3
GAB160,D. melanogaster,SRR189107,-1.65,13.6,27.6,West,AFR2,West-anc3
GAB185,D. melanogaster,SRX058199,-1.65,13.6,40.9,West,AFR2,West-anc3
GAB187,D. melanogaster,SRR097730,-1.65,13.6,40.1,West,AFR2,West-anc3
GAB191,D. melanogaster,SRX058200,-1.65,13.6,30.8,West,AFR2,West-anc3
GATH29,D. melanogaster,SRX891921,30.5,-83.58,9.6,OOA,OOA,OOA_1-anc10
GATH34,D. melanogaster,SRX891923,30.5,-83.58,9.6,OOA,OOA,OOA_1-anc10
GH01,D. melanogaster,ERR705987,5.55,-0.2,44.6,West,AFR2,West-anc3
GH02,D. melanogaster,ERR705989,5.55,-0.2,44,West,AFR2,West-anc3
GH04,D. melanogaster,ERR705991,5.55,-0.2,44.1,West,AFR2,West-anc3
GH05,D. melanogaster,ERX650251,5.55,-0.2,43.9,West,AFR2,West-anc3
GH06,D. melanogaster,ERX650253,5.55,-0.2,44.6,West,AFR2,West-anc3
GH08,D. melanogaster,ERR705998,5.55,-0.2,43.7,West,AFR2,West-anc3
GH09,D. melanogaster,ERX650257,5.55,-0.2,44,West,AFR2,West-anc3
GH10,D. melanogaster,ERX650259,5.55,-0.2,43.3,West,AFR2,West-anc3
GH11,D. melanogaster,ERX650261,5.55,-0.2,43.8,West,AFR2,West-anc3
GH12,D. melanogaster,ERX650263,5.55,-0.2,44.1,West,AFR2,West-anc3
GH14,D. melanogaster,ERX650265,5.55,-0.2,44,West,AFR2,West-anc3
GH15,D. melanogaster,ERX650267,5.55,-0.2,43.3,West,AFR2,West-anc3
GH16,D. melanogaster,ERR706011,5.55,-0.2,44.2,West,AFR2,West-anc3
GH17,D. melanogaster,ERR706012,5.55,-0.2,44.2,West,AFR2,West-anc3
GH18,D. melanogaster,ERR706013,5.55,-0.2,44,West,AFR2,West-anc3
GTE12,D. melanogaster,SRX891960,23.31,-75.47,8.3,OOA,OOA,OOA_1-anc10
GTE9,D. melanogaster,SRX891961,23.31,-75.47,7.3,OOA,OOA,OOA_1-anc10
GU10,D. melanogaster,SRR189114,10.7,-12.25,32.8,West,AFR2,West-anc3
GU2,D. melanogaster,SRR189117,10.7,-12.25,32,West,AFR2,West-anc3
GU6,D. melanogaster,SRR189120,10.7,-12.25,32.7,West,AFR2,West-anc3
GU7,D. melanogaster,SRR189121,10.7,-12.25,32.6,West,AFR2,West-anc3
GU9,D. melanogaster,SRR189122,10.7,-12.25,31,West,AFR2,West-anc3
HAI25,D. melanogaster,SRX891988,18.32,-72.2,8.6,OOA,OOA,OOA_1-anc10
HAI29,D. melanogaster,SRX892005,18.32,-72.2,5,OOA,OOA,OOA_1-anc10
I04,D. melanogaster,SRX766098,42.444,-76.5019,9.7,OOA,OOA,OOA_1-anc10
I06,D. melanogaster,SRX766099,42.444,-76.5019,10.5,OOA,OOA,OOA_1-anc10
I07,D. melanogaster,SRX766101,42.444,-76.5019,12,OOA,OOA,OOA_1-anc10
I13,D. melanogaster,SRR1663548,42.444,-76.5019,13.6,OOA,OOA,OOA_1-anc10
I16,D. melanogaster,SRX766103,42.444,-76.5019,9.9,OOA,OOA,OOA_1-anc10
I17,D. melanogaster,SRR1663550,42.444,-76.5019,14.2,OOA,OOA,OOA_1-anc10
I23,D. melanogaster,SRR1663552,42.444,-76.5019,13.8,OOA,OOA,OOA_1-anc10
I26,D. melanogaster,SRX766108,42.444,-76.5019,10.4,OOA,OOA,OOA_1-anc10
I31,D. melanogaster,SRX766110,42.444,-76.5019,10.6,OOA,OOA,OOA_1-anc10
I34,D. melanogaster,SRX766112,42.444,-76.5019,10.3,OOA,OOA,OOA_1-anc10
I35,D. melanogaster,SRX766114,42.444,-76.5019,10.7,OOA,OOA,OOA_1-anc10
I38,D. melanogaster,SRX766115,42.444,-76.5019,12.3,OOA,OOA,OOA_1-anc10
KN34,D. melanogaster,SRR189243,0.04,36.36,25.6,East,OOA,OOA_minor_1-anc11
KN35,D. melanogaster,SRR189245,0.04,36.36,30.3,East,NA,South_2-anc2
KO10-1-3,D. melanogaster,SRR189250,-0.25,35.73,10.9,East,OOA,OOA_minor_1-anc11
KO2-1-3,D. melanogaster,SRR189251,-0.25,35.73,18.8,East,OOA,OOA_minor_1-anc11
KO6-1-3,D. melanogaster,SRR189252,-0.25,35.73,20,East,OOA,OOA_minor_1-anc11
KR42,D. melanogaster,SRR189255,0.47,35.98,27.9,East,NA,South_2-anc2
LA34,D. melanogaster,SRR21845951,-9.767,30.8958,60,South,AFR1,HD-anc1
LIV-1_L87,D. melanogaster,SRR21846036,-16.2504739,28.49884819,45.3,South,AFR1,South_1-anc13
LIV2_L85,D. melanogaster,SRR21846035,-16.2504739,28.49884819,50.8,South,AFR1,South_1-anc13
LIV4,D. melanogaster,SRR21846034,-16.2504739,28.49884819,54.2,South,AFR1,South_1-anc13
LIV4_L78,D. melanogaster,SRR21846032,-16.2504739,28.49884819,50.6,South,AFR1,South_1-anc13
LNP15_01,D. melanogaster,SRR21846031,-12.941,31.9045,16,South,AFR1,South_1-anc13
LNP15_11,D. melanogaster,SRR21846029,-12.941,31.9045,13.2,South,AFR1,South_1-anc13
LNP15_19,D. melanogaster,SRR21846028,-12.941,31.9045,14.1,South,AFR1,South_1-anc13
LNP15_21,D. melanogaster,SRR21846026,-12.941,31.9045,21.3,South,AFR1,South_1-anc13
LNP15_29,D. melanogaster,SRR21846024,-12.941,31.9045,16.5,South,AFR1,South_1-anc13
LNP15_34,D. melanogaster,SRR21846023,-12.941,31.9045,18.4,South,AFR1,South_1-anc13
LNP15_42,D. melanogaster,SRR21846022,-12.941,31.9045,20.7,South,AFR1,South_1-anc13
LNP15_50,D. melanogaster,SRR21846021,-12.941,31.9045,15.3,South,AFR1,South_1-anc13
LNP15_67,D. melanogaster,SRR21846019,-12.941,31.9045,15.6,South,AFR1,South_1-anc13
LUN15_45,D. melanogaster,SRR21846015,-15.4407,28.3698,11.5,South,AFR1,South_1-anc13
LUN15_56,D. melanogaster,SRR21846013,-15.4407,28.3698,66.1,South,AFR1,South_1-anc13
LUN15_59,D. melanogaster,SRR21846012,-15.4407,28.3698,54.3,South,AFR1,South_2-anc2
LUN15_68,D. melanogaster,SRR21846011,-15.4407,28.3698,63.4,South,AFR1,South_2-anc2
LUN15_76,D. melanogaster,SRR21846010,-15.4407,28.3698,50.6,South,AFR1,South_1-anc13
LZV15_02,D. melanogaster,SRR21846009,-15.749997,29.333332,46.6,South,AFR1,South_1-anc13
LZV15_20,D. melanogaster,SRR21846007,-15.749997,29.333332,46.4,South,AFR1,South_1-anc13
LZV15_30,D. melanogaster,SRR21846006,-15.749997,29.333332,58.4,South,AFR1,South_1-anc13
LZV15_37,D. melanogaster,SRR21846151,-15.749997,29.333332,49.7,South,AFR1,South_1-anc13
LZV15_45,D. melanogaster,SRR21846150,-15.749997,29.333332,50.9,South,AFR1,South_1-anc13
LZV15_47,D. melanogaster,SRR21846149,-15.749997,29.333332,52.6,South,AFR1,South_1-anc13
LZV_32_WB,D. melanogaster,SRR21846148,-15.749997,29.333332,44.8,South,AFR1,South_1-anc13
LZV_35,D. melanogaster,SRR21846147,-15.749997,29.333332,56.6,South,AFR1,South_1-anc13
LZV_83_BM1,D. melanogaster,SRR21846146,-15.749997,29.333332,53.9,South,AFR1,South_1-anc13
LZV_83,D. melanogaster,SRR21846145,-15.749997,29.333332,49.7,South,AFR1,South_1-anc13
LZV_A10,D. melanogaster,SRR21846144,-15.749997,29.333332,48.7,South,AFR1,South_1-anc13
LZV_A11,D. melanogaster,SRR21846143,-15.749997,29.333332,47.3,South,AFR1,South_1-anc13
LZV_A16,D. melanogaster,SRR21846142,-15.749997,29.333332,48.3,South,AFR1,South_1-anc13
LZV_A18,D. melanogaster,SRR21846140,-15.749997,29.333332,54.8,South,AFR1,South_1-anc13
LZV_A20,D. melanogaster,SRR21846139,-15.749997,29.333332,46.6,South,AFR1,South_1-anc13
LZV_A22,D. melanogaster,SRR21846138,-15.749997,29.333332,55.2,South,AFR1,South_1-anc13
LZV_A3,D. melanogaster,SRR21846137,-15.749997,29.333332,43.6,South,AFR1,South_1-anc13
LZV_A5,D. melanogaster,SRR21846135,-15.749997,29.333332,46.5,South,AFR1,South_1-anc13
LZV_A7,D. melanogaster,SRR21846134,-15.749997,29.333332,50.7,South,AFR1,South_1-anc13
LZV_A8_L94,D. melanogaster,SRR21846133,-15.749997,29.333332,51.4,South,AFR1,South_1-anc13
LZV_A9_L100,D. melanogaster,SRR21846132,-15.749997,29.333332,45.6,South,AFR1,South_1-anc13
LZV_L101,D. melanogaster,SRR21846131,-15.749997,29.333332,59.1,South,AFR1,South_1-anc13
LZV_L10_WB,D. melanogaster,SRR21846129,-15.749997,29.333332,47.1,South,AFR1,South_1-anc13
LZV_L125,D. melanogaster,SRR21846128,-15.749997,29.333332,42.5,South,AFR1,South_1-anc13
LZV_L126,D. melanogaster,SRR21846127,-15.749997,29.333332,45.2,South,AFR1,South_1-anc13
LZV_L128,D. melanogaster,SRR21846126,-15.749997,29.333332,39.5,South,AFR1,South_1-anc13
LZV_L129,D. melanogaster,SRR21846125,-15.749997,29.333332,47,South,AFR1,South_1-anc13
LZV_L12_BM1_BP1_L12,D. melanogaster,SRR21846124,-15.749997,29.333332,56,South,AFR1,South_1-anc13
LZV_L131,D. melanogaster,SRR21846066,-15.749997,29.333332,44.6,South,AFR1,South_1-anc13
LZV_L134,D. melanogaster,SRR21846065,-15.749997,29.333332,42.7,South,AFR1,South_1-anc13
LZV_L14,D. melanogaster,SRR21846064,-15.749997,29.333332,46.3,South,AFR1,South_1-anc13
LZV_L15,D. melanogaster,SRR21846063,-15.749997,29.333332,48.4,South,AFR1,South_1-anc13
LZV_L19_WB,D. melanogaster,SRR21846061,-15.749997,29.333332,44.3,South,AFR1,South_1-anc13
LZV_L23,D. melanogaster,SRR21846060,-15.749997,29.333332,46.5,South,AFR1,South_1-anc13
LZV_L24,D. melanogaster,SRR21846059,-15.749997,29.333332,53.8,South,AFR1,South_1-anc13
LZV_L27,D. melanogaster,SRR21846058,-15.749997,29.333332,46.8,South,AFR1,South_1-anc13
LZV_L30,D. melanogaster,SRR21846057,-15.749997,29.333332,52.2,South,AFR1,South_1-anc13
LZV_L32,D. melanogaster,SRR21846056,-15.749997,29.333332,49.8,South,AFR1,South_1-anc13
LZV_L36,D. melanogaster,SRR21846055,-15.749997,29.333332,49.9,South,AFR1,South_1-anc13
LZV_L37,D. melanogaster,SRR21846054,-15.749997,29.333332,42.4,South,AFR1,South_1-anc13
LZV_L39,D. melanogaster,SRR21846053,-15.749997,29.333332,56.2,South,AFR1,South_1-anc13
LZV_L43,D. melanogaster,SRR21846052,-15.749997,29.333332,53.4,South,AFR1,South_1-anc13
LZV_L44,D. melanogaster,SRR21846050,-15.749997,29.333332,56.4,South,AFR1,South_1-anc13
LZV_L52,D. melanogaster,SRR21846049,-15.749997,29.333332,49.1,South,AFR1,South_1-anc13
LZV_L54,D. melanogaster,SRR21846048,-15.749997,29.333332,47.1,South,AFR1,South_1-anc13
LZV_L55,D. melanogaster,SRR21846047,-15.749997,29.333332,42.8,South,AFR1,South_1-anc13
LZV_L56,D. melanogaster,SRR21846046,-15.749997,29.333332,49.7,South,AFR1,South_1-anc13
LZV_L58,D. melanogaster,SRR21846045,-15.749997,29.333332,49.7,South,AFR1,South_1-anc13
LZV_L60,D. melanogaster,SRR21846044,-15.749997,29.333332,46.7,South,AFR1,South_1-anc13
LZV_L63,D. melanogaster,SRR21846043,-15.749997,29.333332,46.8,South,AFR1,South_1-anc13
LZV_L66,D. melanogaster,SRR21846042,-15.749997,29.333332,87.3,South,AFR1,South_1-anc13
LZV_L69,D. melanogaster,SRR21846041,-15.749997,29.333332,55.2,South,AFR1,South_1-anc13
LZV_L70,D. melanogaster,SRR21846039,-15.749997,29.333332,49.7,South,AFR1,South_1-anc13
LZV_L71,D. melanogaster,SRR21846123,-15.749997,29.333332,43.9,South,AFR1,South_1-anc13
LZV_L73,D. melanogaster,SRR21846122,-15.749997,29.333332,42.7,South,AFR1,South_1-anc13
LZV_L74,D. melanogaster,SRR21846121,-15.749997,29.333332,46,South,AFR1,South_1-anc13
LZV_L75,D. melanogaster,SRR21846120,-15.749997,29.333332,44.7,South,AFR1,South_1-anc13
LZV_L76,D. melanogaster,SRR21846119,-15.749997,29.333332,41.6,South,AFR1,South_1-anc13
LZV_L77,D. melanogaster,SRR21846118,-15.749997,29.333332,48.7,South,AFR1,South_1-anc13
LZV_L79,D. melanogaster,SRR21846117,-15.749997,29.333332,55.2,South,AFR1,South_1-anc13
LZV_L81,D. melanogaster,SRR21846116,-15.749997,29.333332,56.6,South,AFR1,South_1-anc13
LZV_L82,D. melanogaster,SRR21846115,-15.749997,29.333332,56.1,South,AFR1,South_1-anc13
LZV_L88,D. melanogaster,SRR21846113,-15.749997,29.333332,43.9,South,AFR1,South_1-anc13
LZV_L89,D. melanogaster,SRR21846112,-15.749997,29.333332,52.8,South,AFR1,South_1-anc13
LZV_L91,D. melanogaster,SRR21846111,-15.749997,29.333332,104.2,South,AFR1,South_1-anc13
LZV_L93,D. melanogaster,SRR21846110,-15.749997,29.333332,43.1,South,AFR1,South_1-anc13
LZV_L95,D. melanogaster,SRR21846109,-15.749997,29.333332,45.3,South,AFR1,South_1-anc13
LZV_LMZ_A15_L98,D. melanogaster,SRR21846108,-15.749997,29.333332,48.5,South,AFR1,South_1-anc13
LZV_LMZ_A23,D. melanogaster,SRR21846107,-15.749997,29.333332,44,South,AFR1,South_1-anc13
LZV_LMZ_L103,D. melanogaster,SRR21846106,-15.749997,29.333332,35.6,South,AFR1,South_1-anc13
LZV__NA_L66,D. melanogaster,SRR21846105,-15.749997,29.333332,57.2,South,AFR1,South_1-anc13
MAG18,D. melanogaster,SRX891982,22.22,-72.54,4.6,OOA,OOA,OOA_1-anc10
MAG19,D. melanogaster,SRX891983,22.22,-72.54,7.3,OOA,OOA,OOA_1-anc10
MC15,D. melanogaster,SRR21846104,-15.749997,29.333332,65,South,AFR1,South_1-anc13
MC16,D. melanogaster,SRR21846102,-15.749997,29.333332,35.9,South,AFR1,South_1-anc13
MC19,D. melanogaster,SRR21846101,-15.749997,29.333332,56.1,South,AFR1,South_1-anc13
MC1,D. melanogaster,SRR21846100,-15.749997,29.333332,53.1,South,AFR1,South_1-anc13
MC20,D. melanogaster,SRR21846099,-15.749997,29.333332,51.9,South,AFR1,South_1-anc13
MC21,D. melanogaster,SRR21846098,-15.749997,29.333332,38.3,South,AFR1,South_1-anc13
MC22,D. melanogaster,SRR21846097,-15.749997,29.333332,59.5,South,AFR1,South_1-anc13
MC23,D. melanogaster,SRR21846096,-15.749997,29.333332,47.8,South,AFR1,South_1-anc13
MC25,D. melanogaster,SRR21846005,-15.749997,29.333332,53.2,South,AFR1,South_1-anc13
MC26,D. melanogaster,SRR21846004,-16.2504739,28.49884819,52.5,South,AFR1,South_1-anc13
MC28,D. melanogaster,SRR21846003,-15.749997,29.333332,48.1,South,AFR1,South_1-anc13
MC29,D. melanogaster,SRR21846001,-15.749997,29.333332,43.1,South,AFR1,South_1-anc13
MC2,D. melanogaster,SRR21846000,-15.749997,29.333332,59.8,South,AFR1,South_1-anc13
MC3,D. melanogaster,SRR21845999,-15.749997,29.333332,55.9,South,AFR1,South_1-anc13
MC4,D. melanogaster,SRR21845998,-16.2504739,28.49884819,38.1,South,AFR1,South_1-anc13
MC6,D. melanogaster,SRR21845997,-15.749997,29.333332,45.2,South,AFR1,South_1-anc13
MC_LZV,D. melanogaster,SRR21845996,-15.749997,29.333332,34.9,South,AFR1,South_1-anc13
MSM2,D. melanogaster,SRX891947,32.21,-88.42,9.4,OOA,OOA,OOA_1-anc10
MSM9,D. melanogaster,SRX891997,32.21,-88.42,7.5,OOA,OOA,OOA_1-anc10
MW11,D. melanogaster,SRR21845995,-15.62,34.52,36.2,South,AFR1,HD-anc1
MW25,D. melanogaster,SRR21845994,-15.62,34.52,98.7,South,AFR1,South_minor_2-anc9
MW28,D. melanogaster,SRR21845993,-15.62,34.52,35.8,South,AFR1,South_2-anc2
MW38,D. melanogaster,SRR21845992,-15.62,34.52,51.2,South,AFR1,South_1-anc13
MW56,D. melanogaster,SRR21845990,-15.62,34.52,35.1,South,AFR1,South_minor_2-anc9
N01,D. melanogaster,SRX766117,52.1326,5.2913,10.5,OOA,OOA,OOA_2-anc5
N02,D. melanogaster,SRR1663562,52.1326,5.2913,11.4,OOA,OOA,OOA_2-anc5
N04,D. melanogaster,SRX766121,52.1326,5.2913,10.6,OOA,OOA,OOA_2-anc5
N07,D. melanogaster,SRR1663565,52.1326,5.2913,10.4,OOA,OOA,OOA_2-anc5
N10,D. melanogaster,SRR1663566,52.1326,5.2913,10.9,OOA,OOA,OOA_2-anc5
N11,D. melanogaster,SRX766124,52.1326,5.2913,10.1,OOA,OOA,OOA_2-anc5
N15,D. melanogaster,SRX766127,52.1326,5.2913,8.6,OOA,OOA,OOA_2-anc5
N16,D. melanogaster,SRR1663571,52.1326,5.2913,10.6,OOA,OOA,OOA_2-anc5
N17,D. melanogaster,SRX766129,52.1326,5.2913,9.4,OOA,OOA,OOA_2-anc5
N18,D. melanogaster,SRX766130,52.1326,5.2913,10.4,OOA,OOA,OOA_2-anc5
N23,D. melanogaster,SRX766133,52.1326,5.2913,10.6,OOA,OOA,OOA_2-anc5
N25,D. melanogaster,SRX766134,52.1326,5.2913,9.7,OOA,OOA,OOA_2-anc5
N29,D. melanogaster,SRX766136,52.1326,5.2913,8.6,OOA,OOA,OOA_2-anc5
N30,D. melanogaster,SRX766137,52.1326,5.2913,10.3,OOA,OOA,OOA_2-anc5
NG10N,D. melanogaster,SRR189263,11.85,13.16,32.8,West,AFR2,West-anc3
NG1N,D. melanogaster,SRR189264,11.85,13.16,31.8,West,AFR2,West-anc3
NG3N,D. melanogaster,SRR189414,11.85,13.16,31.5,West,AFR2,West-anc3
NG7,D. melanogaster,SRR189267,11.85,13.16,26.2,West,AFR2,West-anc3
NG9,D. melanogaster,SRR189268,11.85,13.16,31,West,AFR2,West-anc3
NMB15_42A,D. melanogaster,SRR21845984,-17.5185,24.5323,16.5,South,AFR1,South_minor_2-anc9
NMB15_42B,D. melanogaster,SRR21845983,-17.5185,24.5323,52.1,South,AFR1,South_minor_2-anc9
RAL-101,D. melanogaster,SRR834536,35.7596,-79.0193,12.7,OOA,OOA,OOA_1-anc10
RAL-136,D. melanogaster,SRR834542,35.7596,-79.0193,14.3,OOA,OOA,OOA_1-anc10
RAL142,D. melanogaster,SRX020759,35.7596,-79.0193,21.7,OOA,OOA,OOA_1-anc10
RAL-149,D. melanogaster,SRR834550,35.7596,-79.0193,14.4,OOA,OOA,OOA_1-anc10
RAL158,D. melanogaster,SRX021009,35.7596,-79.0193,10.7,OOA,OOA,OOA_1-anc10
RAL-195,D. melanogaster,SRR834524,35.7596,-79.0193,13.7,OOA,OOA,OOA_1-anc10
RAL208,D. melanogaster,SRX005977,35.7596,-79.0193,16.6,OOA,OOA,OOA_1-anc10
RAL217,D. melanogaster,SRX021041,35.7596,-79.0193,12.4,OOA,OOA,OOA_1-anc10
RAL21,D. melanogaster,SRX021040,35.7596,-79.0193,16.8,OOA,OOA,OOA_1-anc10
RAL223,D. melanogaster,SRX155994,35.7596,-79.0193,41.1,OOA,OOA,OOA_1-anc10
RAL227,D. melanogaster,SRX021042,35.7596,-79.0193,12,OOA,OOA,OOA_1-anc10
RAL228,D. melanogaster,SRX021043,35.7596,-79.0193,11.4,OOA,OOA,OOA_1-anc10
RAL229,D. melanogaster,SRX021052,35.7596,-79.0193,49,OOA,OOA,OOA_1-anc10
RAL-235,D. melanogaster,SRR834531,35.7596,-79.0193,19.5,OOA,OOA,OOA_1-anc10
RAL239,D. melanogaster,SRX021054,35.7596,-79.0193,13.2,OOA,OOA,OOA_1-anc10
RAL-256,D. melanogaster,SRR834533,35.7596,-79.0193,13.2,OOA,OOA,OOA_1-anc10
RAL280,D. melanogaster,SRX021058,35.7596,-79.0193,13.5,OOA,OOA,OOA_1-anc10
RAL287,D. melanogaster,SRX021059,35.7596,-79.0193,9.7,OOA,OOA,OOA_1-anc10
RAL306,D. melanogaster,SRX006139,35.7596,-79.0193,42.9,OOA,OOA,OOA_1-anc10
RAL-319,D. melanogaster,SRR834508,35.7596,-79.0193,37.4,OOA,OOA,OOA_1-anc10
RAL320,D. melanogaster,SRX021063,35.7596,-79.0193,23.9,OOA,OOA,OOA_1-anc10
RAL321,D. melanogaster,SRX021094,35.7596,-79.0193,33.3,OOA,OOA,OOA_1-anc10
RAL-352,D. melanogaster,SRR834516,35.7596,-79.0193,14.9,OOA,OOA,OOA_1-anc10
RAL-354,D. melanogaster,SRR834517,35.7596,-79.0193,46.8,OOA,OOA,OOA_1-anc10
RAL355,D. melanogaster,SRX156028,35.7596,-79.0193,39.9,OOA,OOA,OOA_1-anc10
RAL-356,D. melanogaster,SRR834537,35.7596,-79.0193,14.8,OOA,OOA,OOA_1-anc10
RAL367,D. melanogaster,SRX021103,35.7596,-79.0193,13.3,OOA,OOA,OOA_1-anc10
RAL370,D. melanogaster,SRX021104,35.7596,-79.0193,20.9,OOA,OOA,OOA_1-anc10
RAL377,D. melanogaster,SRX023834,35.7596,-79.0193,62.7,OOA,OOA,OOA_1-anc10
RAL-382,D. melanogaster,SRR834552,35.7596,-79.0193,39.4,OOA,OOA,OOA_1-anc10
RAL385,D. melanogaster,SRX159098,35.7596,-79.0193,9.9,OOA,OOA,OOA_1-anc10
RAL40,D. melanogaster,SRX021235,35.7596,-79.0193,31.6,OOA,OOA,OOA_1-anc10
RAL427,D. melanogaster,SRX006155,35.7596,-79.0193,16.3,OOA,OOA,OOA_1-anc10
RAL42,D. melanogaster,SRX021255,35.7596,-79.0193,18.9,OOA,OOA,OOA_1-anc10
RAL45,D. melanogaster,SRX021261,35.7596,-79.0193,14,OOA,OOA,OOA_1-anc10
RAL461,D. melanogaster,SRX021262,35.7596,-79.0193,17.1,OOA,OOA,OOA_1-anc10
RAL486,D. melanogaster,SRX006157,35.7596,-79.0193,8.4,OOA,OOA,OOA_1-anc10
RAL491,D. melanogaster,SRX021268,35.7596,-79.0193,15,OOA,OOA,OOA_1-anc10
RAL-49,D. melanogaster,SRR835037,35.7596,-79.0193,14.9,OOA,OOA,OOA_1-anc10
RAL505,D. melanogaster,SRX156002,35.7596,-79.0193,42.1,OOA,OOA,OOA_1-anc10
RAL508,D. melanogaster,SRX021272,35.7596,-79.0193,20.5,OOA,OOA,OOA_1-anc10
RAL509,D. melanogaster,SRX021273,35.7596,-79.0193,16.1,OOA,OOA,OOA_1-anc10
RAL513,D. melanogaster,SRX021282,35.7596,-79.0193,19.6,OOA,OOA,OOA_1-anc10
RAL517,D. melanogaster,SRX024362,35.7596,-79.0193,24.2,OOA,OOA,OOA_1-anc10
RAL-528,D. melanogaster,SRR835043,35.7596,-79.0193,36.3,OOA,OOA,OOA_1-anc10
RAL530,D. melanogaster,SRX156031,35.7596,-79.0193,21.3,OOA,OOA,OOA_1-anc10
RAL531,D. melanogaster,SRX021290,35.7596,-79.0193,18.4,OOA,OOA,OOA_1-anc10
RAL-535,D. melanogaster,SRR835046,35.7596,-79.0193,15.2,OOA,OOA,OOA_1-anc10
RAL-589,D. melanogaster,SRR060821,35.7596,-79.0193,9.5,OOA,OOA,OOA_1-anc10
RAL596,D. melanogaster,SRX156004,35.7596,-79.0193,38.1,OOA,OOA,OOA_1-anc10
RAL-627,D. melanogaster,SRR835097,35.7596,-79.0193,45.1,OOA,OOA,OOA_1-anc10
RAL703,D. melanogaster,SRX021508,35.7596,-79.0193,15.4,OOA,OOA,OOA_1-anc10
RAL705,D. melanogaster,SRX006162,35.7596,-79.0193,18.2,OOA,OOA,OOA_1-anc10
RAL-712,D. melanogaster,SRR933587,35.7596,-79.0193,16.9,OOA,OOA,OOA_1-anc10
RAL716,D. melanogaster,SRX021380,35.7596,-79.0193,12,OOA,OOA,OOA_1-anc10
RAL727,D. melanogaster,SRX021382,35.7596,-79.0193,26.5,OOA,OOA,OOA_1-anc10
RAL730,D. melanogaster,SRX006308,35.7596,-79.0193,13.2,OOA,OOA,OOA_1-anc10
RAL-737,D. melanogaster,SRR933592,35.7596,-79.0193,23.8,OOA,OOA,OOA_1-anc10
RAL-73,D. melanogaster,SRR835100,35.7596,-79.0193,13.5,OOA,OOA,OOA_1-anc10
RAL757,D. melanogaster,SRX021385,35.7596,-79.0193,25.8,OOA,OOA,OOA_1-anc10
RAL75,D. melanogaster,SRX021384,35.7596,-79.0193,19.4,OOA,OOA,OOA_1-anc10
RAL761,D. melanogaster,SRX021386,35.7596,-79.0193,15.1,OOA,OOA,OOA_1-anc10
RAL783,D. melanogaster,SRX023455,35.7596,-79.0193,13.6,OOA,OOA,OOA_1-anc10
RAL787,D. melanogaster,SRX021388,35.7596,-79.0193,15.1,OOA,OOA,OOA_1-anc10
RAL790,D. melanogaster,SRX021389,35.7596,-79.0193,17.1,OOA,OOA,OOA_1-anc10
RAL796,D. melanogaster,SRX021390,35.7596,-79.0193,15.7,OOA,OOA,OOA_1-anc10
RAL804,D. melanogaster,SRX021399,35.7596,-79.0193,15.3,OOA,OOA,OOA_1-anc10
RAL805,D. melanogaster,SRX021400,35.7596,-79.0193,16.7,OOA,OOA,OOA_1-anc10
RAL818,D. melanogaster,SRX021478,35.7596,-79.0193,14.6,OOA,OOA,OOA_1-anc10
RAL-819,D. melanogaster,SRR835054,35.7596,-79.0193,62,OOA,OOA,OOA_1-anc10
RAL822,D. melanogaster,SRX021476,35.7596,-79.0193,18.9,OOA,OOA,OOA_1-anc10
RAL832,D. melanogaster,SRX021477,35.7596,-79.0193,14.2,OOA,OOA,OOA_1-anc10
RAL843,D. melanogaster,SRX156036,35.7596,-79.0193,40,OOA,OOA,OOA_1-anc10
RAL850,D. melanogaster,SRX155993,35.7596,-79.0193,40.8,OOA,OOA,OOA_1-anc10
RAL859,D. melanogaster,SRX006176,35.7596,-79.0193,15.5,OOA,OOA,OOA_1-anc10
RAL879,D. melanogaster,SRX021494,35.7596,-79.0193,13,OOA,OOA,OOA_1-anc10
RAL882,D. melanogaster,SRX021496,35.7596,-79.0193,17.3,OOA,OOA,OOA_1-anc10
RAL887,D. melanogaster,SRX021527,35.7596,-79.0193,19.4,OOA,OOA,OOA_1-anc10
RAL892,D. melanogaster,SRX023838,35.7596,-79.0193,21.9,OOA,OOA,OOA_1-anc10
RAL897,D. melanogaster,SRX023457,35.7596,-79.0193,24.7,OOA,OOA,OOA_1-anc10
RAL900,D. melanogaster,SRX156023,35.7596,-79.0193,48.1,OOA,OOA,OOA_1-anc10
RAL911,D. melanogaster,SRX021502,35.7596,-79.0193,16.1,OOA,OOA,OOA_1-anc10
RAL-913,D. melanogaster,SRR835077,35.7596,-79.0193,42.1,OOA,OOA,OOA_1-anc10
RC1,D. melanogaster,SRR189269,-2.29,28.55,25.9,East,AFR2,East-anc4
RC5,D. melanogaster,SRR189270,-2.29,28.55,21.9,East,AFR2,East-anc4
RG13N,D. melanogaster,SRR306634,-2.49,28.92,30.1,East,AFR2,East-anc4
RG15,D. melanogaster,SRR189377,-2.49,28.92,21.6,East,OOA,OOA_minor_1-anc11
RG18N,D. melanogaster,SRR306619,-2.49,28.92,39.9,East,AFR2,East-anc4
RG19,D. melanogaster,SRR189380,-2.49,28.92,26.5,East,AFR2,East-anc4
RG21N,D. melanogaster,SRR189382,-2.49,28.92,36.2,East,AFR2,East-anc4
RG22,D. melanogaster,SRR189383,-2.49,28.92,32.4,East,AFR2,East-anc4
RG24,D. melanogaster,SRR189384,-2.49,28.92,31.1,East,AFR2,East-anc4
RG25,D. melanogaster,SRR189385,-2.49,28.92,31.8,East,AFR2,East-anc4
RG28,D. melanogaster,SRX058350,-2.49,28.92,30.8,East,AFR2,East-anc4
RG2,D. melanogaster,SRR189381,-2.49,28.92,31.9,East,AFR2,East-anc4
RG32N,D. melanogaster,SRX058352,-2.49,28.92,34.8,East,AFR2,East-anc4
RG33,D. melanogaster,SRX058353,-2.49,28.92,56,East,AFR2,East-anc4
RG34,D. melanogaster,SRX058354,-2.49,28.92,27.3,East,AFR2,East-anc4
RG36,D. melanogaster,SRX058357,-2.49,28.92,27.3,East,AFR2,East-anc4
RG38N,D. melanogaster,SRX058359,-2.49,28.92,34.9,East,AFR2,East-anc4
RG39,D. melanogaster,SRX058360,-2.49,28.92,31,East,AFR2,East-anc4
RG4N,D. melanogaster,SRX058362,-2.49,28.92,42.5,East,AFR2,East-anc4
RG5,D. melanogaster,SRX058367,-2.49,28.92,25.1,East,AFR2,East-anc4
RG6N,D. melanogaster,SRX058368,-2.49,28.92,37,East,AFR2,East-anc4
RG7,D. melanogaster,SRX058369,-2.49,28.92,31.1,East,AFR2,East-anc4
RG8,D. melanogaster,SRX058370,-2.49,28.92,38.5,East,AFR2,East-anc4
RG9,D. melanogaster,SRX058371,-2.49,28.92,31.8,East,AFR2,East-anc4
SAS20,D. melanogaster,SRX892001,24.03,-74.31,6.4,South,OOA,OOA_1-anc10
SAS23,D. melanogaster,SRX891974,24.03,-74.31,7.6,South,OOA,OOA_1-anc10
SB16,D. melanogaster,SRR1696818,-30.97,27.59,29.6,South,NA,South_2-anc2
SB51,D. melanogaster,SRR1696824,-30.97,27.59,27.4,South,AFR1,South_1-anc13
SD104N,D. melanogaster,SRR3734182,-25.42,30.1,15.2,South,AFR1,South_minor_1-anc8
SD105N,D. melanogaster,SRR3734183,-25.42,30.1,17.4,South,AFR1,South_minor_1-anc8
SD113N,D. melanogaster,SRR3734275,-25.42,30.1,31.3,South,AFR2,Ethiopia-anc7
SD115N,D. melanogaster,SRR3734277,-25.42,30.1,13.8,South,AFR1,South_2-anc2
SD20N,D. melanogaster,SRR3734304,-25.42,30.1,16.8,South,AFR2,Ethiopia-anc7
SD21N,D. melanogaster,SRR3734305,-25.42,30.1,31.2,South,AFR2,Ethiopia-anc7
SD23N,D. melanogaster,SRR3734306,-25.42,30.1,13.5,South,AFR2,Ethiopia-anc7
SD24N,D. melanogaster,SRR3734307,-25.42,30.1,14.7,South,AFR2,Ethiopia-anc7
SD42N,D. melanogaster,SRR3734318,-25.42,30.1,11.5,South,AFR2,Ethiopia-anc7
SD43N,D. melanogaster,SRR3734319,-25.42,30.1,18,South,AFR2,Ethiopia-anc7
SD44N,D. melanogaster,SRR3734320,-25.42,30.1,12.2,South,AFR2,Ethiopia-anc7
SD45,D. melanogaster,SRR1696869,-25.42,30.1,16.9,South,NA,South_2-anc2
SD47N,D. melanogaster,SRR3734321,-25.42,30.1,11,South,AFR2,Ethiopia-anc7
SD63N,D. melanogaster,SRR3734331,-25.42,30.1,15.7,South,AFR2,Ethiopia-anc7
SD64N,D. melanogaster,SRR3734333,-25.42,30.1,11.6,South,AFR2,Ethiopia-anc7
SD65N,D. melanogaster,SRR3734334,-25.42,30.1,31.5,South,AFR2,Ethiopia-anc7
SD68N,D. melanogaster,SRR3734335,-25.42,30.1,12.5,South,AFR2,Ethiopia-anc7
SD72N,D. melanogaster,SRR3734337,-25.42,30.1,15.6,South,AFR2,Ethiopia-anc7
SD90N,D. melanogaster,SRR3734344,-25.42,30.1,35.1,South,AFR2,Ethiopia-anc7
SD92N,D. melanogaster,SRR3734345,-25.42,30.1,29.8,South,AFR2,Ethiopia-anc7
SD94N,D. melanogaster,SRR3734346,-25.42,30.1,20,South,AFR2,Ethiopia-anc7
SE55,D. melanogaster,SRR1696974,-31.06,30.22,15.1,South,AFR1,South_2-anc2
SE63,D. melanogaster,SRR1696985,-31.06,30.22,10.8,South,AFR1,South_2-anc2
SF110,D. melanogaster,SRR1696986,-28.6,28.05,11.7,South,AFR1,South_2-anc2
SP103N,D. melanogaster,SRR3734347,-23.94,31.14,9.7,South,AFR2,Ethiopia-anc7
SP107N,D. melanogaster,SRR3734348,-23.94,31.14,16.8,South,AFR2,Ethiopia-anc7
SP115N,D. melanogaster,SRR3734349,-23.94,31.14,26.1,South,AFR2,Ethiopia-anc7
SP173,D. melanogaster,SRR306623,-23.94,31.14,30,South,AFR1,South_1-anc13
SP201N,D. melanogaster,SRR3734360,-23.94,31.14,21.9,South,AFR2,Ethiopia-anc7
SP213N,D. melanogaster,SRR3734361,-23.94,31.14,20.4,South,OOA,OOA_minor_2-anc12
SP221,D. melanogaster,SRR189277,-23.94,31.14,34.7,South,AFR1,South_2-anc2
SP254,D. melanogaster,SRR306614,-23.94,31.14,41.2,South,AFR1,South_minor_2-anc9
SP291N,D. melanogaster,SRR3734366,-23.94,31.14,20.7,South,OOA,OOA_minor_2-anc12
SP315N,D. melanogaster,SRR3734367,-23.94,31.14,14.1,South,AFR2,Ethiopia-anc7
SP95N,D. melanogaster,SRR3734377,-23.94,31.14,18,South,OOA,OOA_minor_2-anc12
T30A,D. melanogaster,SRX766187,-41.4545,145.9707,10.9,OOA,OOA,OOA_1-anc10
TZ10,D. melanogaster,SRR189272,-8.89,33.44,23.6,East,NA,South_2-anc2
TZ14,D. melanogaster,SRR189273,-8.89,33.44,30.5,East,AFR2,South_2-anc2
TZ8,D. melanogaster,SRR189274,-8.89,33.44,31.1,East,AFR1,South_2-anc2
UG19,D. melanogaster,SRR189412,0.53,32.6,31.9,East,AFR2,East-anc4
UG28N,D. melanogaster,SRR189265,0.53,32.6,32.9,East,AFR2,East-anc4
UG5N,D. melanogaster,SRR189415,0.53,32.6,29.7,East,AFR2,East-anc4
UG7,D. melanogaster,SRR189416,0.53,32.6,32.6,East,AFR2,East-anc4
UK2,D. melanogaster,SRR1696993,-1.28,29.69,23.5,East,AFR2,East-anc4
UK73,D. melanogaster,SRR1696995,-1.28,29.69,14.8,East,AFR2,East-anc4
ZH16,D. melanogaster,SRR21846095,-17.83,31.05,48.2,South,AFR1,HD-anc1
ZH20,D. melanogaster,SRR21846092,-17.83,31.05,47.3,South,AFR1,HD-anc1
ZH21,D. melanogaster,SRR21846091,-17.83,31.05,53.8,South,AFR1,HD-anc1
ZH23,D. melanogaster,SRR1663598,-17.83,31.05,10.3,South,AFR1,South_2-anc2
ZH29,D. melanogaster,SRR21846089,-17.83,31.05,27.3,South,AFR1,HD-anc1
ZH33,D. melanogaster,SRR21846087,-17.83,31.05,44.9,South,AFR1,HD-anc1
ZH42,D. melanogaster,SRR21846084,-17.83,31.05,39.1,South,AFR1,HD-anc1
ZI103,D. melanogaster,SRR203226,-16.54,28.72,30.8,South,AFR1,South_minor_2-anc9
ZI114N,D. melanogaster,SRR654662,-16.54,28.72,41.4,South,AFR1,South_2-anc2
ZI117,D. melanogaster,SRR248130,-16.54,28.72,27.5,South,AFR1,South_2-anc2
ZI118N,D. melanogaster,SRR654664,-16.54,28.72,29.7,South,AFR1,South_2-anc2
ZI126,D. melanogaster,SRR203336,-16.54,28.72,38.6,South,AFR1,South_1-anc13
ZI129,D. melanogaster,SRR203232,-16.54,28.72,31.4,South,AFR1,South_1-anc13
ZI134N,D. melanogaster,SRR326933,-16.54,28.72,34.7,South,AFR1,South_1-anc13
ZI136,D. melanogaster,SRR204007,-16.54,28.72,33.8,South,AFR1,South_2-anc2
ZI138,D. melanogaster,SRR203474,-16.54,28.72,37.5,South,AFR1,South_1-anc13
ZI152,D. melanogaster,SRR326790,-16.54,28.72,30.8,South,AFR1,South_1-anc13
ZI157,D. melanogaster,SRR202089,-16.54,28.72,32.1,South,AFR1,South_minor_2-anc9
ZI161,D. melanogaster,SRR353759,-16.54,28.72,31.5,South,AFR1,South_2-anc2
ZI164,D. melanogaster,SRR346921,-16.54,28.72,33.5,South,AFR1,South_minor_2-anc9
ZI165,D. melanogaster,SRR248129,-16.54,28.72,30.4,South,AFR1,South_1-anc13
ZI167,D. melanogaster,SRR654553,-16.54,28.72,36.8,South,AFR1,South_1-anc13
ZI170,D. melanogaster,SRR210787,-16.54,28.72,26,South,AFR1,South_1-anc13
ZI172,D. melanogaster,SRR326800,-16.54,28.72,35.1,South,AFR1,South_1-anc13
ZI173,D. melanogaster,SRR203330,-16.54,28.72,34,South,AFR1,South_1-anc13
ZI176,D. melanogaster,SRR210794,-16.54,28.72,36.5,South,AFR1,South_1-anc13
ZI181,D. melanogaster,SRR203069,-16.54,28.72,31.4,South,AFR1,South_1-anc13
ZI182,D. melanogaster,SRR203473,-16.54,28.72,36,South,AFR1,South_1-anc13
ZI184,D. melanogaster,SRR203068,-16.54,28.72,32,South,AFR1,South_1-anc13
ZI188,D. melanogaster,SRR202123,-16.54,28.72,34.7,South,AFR1,South_minor_2-anc9
ZI198,D. melanogaster,SRR203230,-16.54,28.72,29.4,South,AFR1,South_2-anc2
ZI202,D. melanogaster,SRR203238,-16.54,28.72,33.4,South,AFR1,South_minor_2-anc9
ZI206,D. melanogaster,SRR203506,-16.54,28.72,35.4,South,AFR1,South_2-anc2
ZI241,D. melanogaster,SRR326798,-16.54,28.72,36.1,South,AFR1,South_minor_2-anc9
ZI250,D. melanogaster,SRR202127,-16.54,28.72,26.8,South,AFR1,South_1-anc13
ZI251N,D. melanogaster,SRR354001,-16.54,28.72,27.9,South,AFR1,South_minor_2-anc9
ZI252,D. melanogaster,SRR203349,-16.54,28.72,34.2,South,AFR1,South_1-anc13
ZI313,D. melanogaster,SRR203327,-16.54,28.72,34.5,South,AFR1,South_2-anc2
ZI314,D. melanogaster,SRR203510,-16.54,28.72,36.5,South,AFR1,South_1-anc13
ZI316,D. melanogaster,SRR248059,-16.54,28.72,25.7,South,AFR1,South_2-anc2
ZI348,D. melanogaster,SRR203475,-16.54,28.72,35.4,South,AFR1,South_1-anc13
ZI352,D. melanogaster,SRR654676,-16.54,28.72,39.5,South,AFR1,South_2-anc2
ZI402,D. melanogaster,SRR353999,-16.54,28.72,28.1,South,AFR1,South_1-anc13
ZI405,D. melanogaster,SRR354003,-16.54,28.72,32.3,South,AFR1,South_2-anc2
ZI413,D. melanogaster,SRR203509,-16.54,28.72,32.1,South,AFR1,South_1-anc13
ZI471,D. melanogaster,SRR203500,-16.54,28.72,31.1,South,AFR1,South_1-anc13
ZI517,D. melanogaster,SRR353758,-16.54,28.72,33.4,South,AFR1,South_1-anc13
ZI524,D. melanogaster,SRR326795,-16.54,28.72,32.6,South,AFR1,South_2-anc2
ZI76,D. melanogaster,SRR248123,-16.54,28.72,27.9,South,AFR1,South_2-anc2
ZL130,D. melanogaster,SRR306616,-17.86,25.86,41.3,South,OOA,OOA_minor_1-anc11
ZO65,D. melanogaster,SRR189283,-12.18,26.4,34,South,AFR1,South_2-anc2
ZS29,D. melanogaster,SRR21846081,-18.16,28.22,37.5,South,AFR1,South_2-anc2
ZS30,D. melanogaster,SRR21846080,-18.16,28.22,50.7,South,AFR1,South_2-anc2
ZS37,D. melanogaster,SRX058373,-18.16,28.22,34.7,South,AFR1,South_minor_2-anc9
ZS40,D. melanogaster,SRR21846079,-18.16,28.22,70.8,South,AFR1,South_2-anc2
ZS49,D. melanogaster,SRR21846078,-18.16,28.22,52.8,South,AFR1,South_2-anc2
ZS53,D. melanogaster,SRR21846077,-18.16,28.22,34.6,South,AFR1,South_minor_2-anc9
ZS56,D. melanogaster,SRR21846076,-18.16,28.22,37.6,South,AFR1,South_minor_2-anc9
ZS5,D. melanogaster,SRR21846074,-18.16,28.22,60.6,South,AFR1,South_2-anc2
ZW140,D. melanogaster,SRR1663605,-17.94,25.83,11.4,South,AFR1,South_1-anc13
ZW142,D. melanogaster,SRR1663606,-17.94,25.83,11.4,South,AFR1,South_1-anc13
ZW144,D. melanogaster,SRR1663607,-17.94,25.83,10.6,South,AFR1,South_1-anc13
ZW177,D. melanogaster,SRR1663609,-17.94,25.83,11,South,AFR1,South_1-anc13
ZW184,D. melanogaster,SRR1663610,-17.94,25.83,10.8,South,OOA,OOA_2-anc5
